Works,Author,Birth,Death,Period,Composed,When,Name,CutOff,Amour,Apprentissage,Argent,Armée,Art,Bonheur,Campagne,Camps,Capitalisme,Communisme,Cosaques,Délire-Folie,Dieu,Education,Ennui,Fantastique,Femme,Fonctionnaires,Guerre,Héros,Honneur,Humanisme,Humiliation,Hypocrisie,Individu,Intelligentsia,Jalousie,Jeu,Justice,Liberté,Mal,Marchands,Mariage,Médiocrité,Misère,Mort,Nation,Nature,Nihilisme,Noblesse,Occident,Orgueil,Paresse,Patrie,Paysans,Peuple,Province,Religion,Pouvoir,Responsabilité,Rêve,Révolte,Remords,Révolution,Russie,Servage,Socialisme,Société,Solitude,Souffrance,Traditions,Travail,Vagabondage,Ville,Violence
Et l'Acier fut trempé,N.OSTROVSKI,1904,1936,[1900-1950[,1933,[1917-1953[,"révolution, guerre civile, stalinisme",>1917,0,1,0,0,0,0,0,0,0,1,0,0,0,0,0,0,0,0,1,1,0,0,0,0,0,0,0,0,0,0,0,0,0,0,0,0,0,0,0,0,0,0,0,0,0,0,0,0,0,0,0,0,0,0,0,0,0,0,0,0,0,0,0,0,0
L'Adolescent,DOSTOÏEVSKI,1821,1881,[1850-1900[,1875,[1850-1905[,"grand XIXe siècle, réalisme, monde impérial tardif",<=1917,1,1,1,0,0,0,0,0,0,0,0,0,1,0,0,0,1,0,0,0,0,0,0,0,0,0,0,0,0,0,0,0,0,0,0,0,0,0,0,0,1,0,0,0,0,0,0,0,0,0,0,0,0,0,1,0,0,0,0,0,0,0,0,0,0
L'Affaire des Artamonov,GORKI,1818,1936,[1900-1950[,1925,[1917-1953[,"révolution, guerre civile, stalinisme",>1917,0,0,1,0,0,0,0,0,1,0,0,0,0,0,1,0,0,0,0,0,0,0,0,0,0,0,0,0,0,0,0,0,0,0,0,0,0,0,0,0,0,0,0,0,0,0,0,0,0,0,0,0,0,0,0,0,0,1,0,0,0,0,0,0,0
Les Ames mortes,GOGOL,1811,1852,[1850-1900[,1839,[1800-1850[,première moitié du XIXe siècle,<=1917,0,0,1,0,0,0,0,0,0,0,0,0,0,0,0,0,0,1,0,0,0,0,0,0,0,0,0,0,0,0,0,0,0,0,0,0,0,0,0,1,0,0,0,0,0,0,1,0,0,0,0,0,0,0,1,0,0,0,0,0,0,0,0,0,0
Anna Karénine,L.TOLSTOÏ,1828,1910,[1900-1950[,1875,[1850-1905[,"grand XIXe siècle, réalisme, monde impérial tardif",<=1917,1,0,0,0,0,1,0,0,0,0,0,0,0,0,0,0,1,0,0,0,0,0,0,0,0,0,0,0,0,0,0,0,1,0,0,1,0,0,0,0,0,0,0,0,1,0,0,0,0,0,0,0,0,0,0,0,0,0,0,0,0,0,0,1,0
Les Lointaines années,PAOUSTOVSKI,1892,1968,[1950-2000[,1946,[1917-1953[,"révolution, guerre civile, stalinisme",>1917,0,1,0,0,0,0,0,0,0,0,0,0,0,0,0,0,0,0,0,0,0,0,0,0,0,1,0,0,0,0,0,0,0,0,0,0,0,1,0,0,0,0,0,0,0,0,0,0,0,0,0,0,0,0,0,0,0,0,0,0,0,0,0,0,0
Août Quatorze,SOLJENITSYNE,1918,2008,>2000,1970,[1953-1991[,période soviétique post-stalinienne,>1917,0,0,0,1,0,0,0,0,0,0,0,0,0,0,0,0,0,0,1,0,0,0,0,0,1,0,0,0,1,0,0,0,0,0,0,0,0,0,0,0,0,0,0,0,0,0,0,0,0,1,0,0,0,0,1,0,0,0,0,1,0,0,0,0,0
À qui la faute?,HERZEN,1812,1870,[1850-1900[,1844,[1800-1850[,première moitié du XIXe siècle,<=1917,1,0,0,0,0,1,0,0,0,0,0,0,0,0,0,0,0,0,0,0,0,0,0,0,0,1,0,0,0,0,0,0,0,0,0,0,0,0,0,0,0,0,0,0,0,0,0,0,0,0,0,0,0,0,0,0,0,0,0,0,0,0,0,0,0
Babi Iar,KOUZNETSOV,1929,1979,[1950-2000[,1969,[1953-1991[,période soviétique post-stalinienne,>1917,0,1,0,0,0,0,0,0,0,0,0,0,0,0,0,0,0,0,1,0,0,0,0,0,0,0,0,0,0,0,0,0,0,0,0,0,0,0,0,0,0,0,0,0,0,0,0,0,0,0,0,0,0,0,0,0,0,0,0,0,0,0,0,0,0
Une Banale histoire,TCHEKHOV,1860,1904,[1900-1950[,1889,[1850-1905[,"grand XIXe siècle, réalisme, monde impérial tardif",<=1917,0,0,0,0,0,0,0,0,0,0,0,0,0,0,0,0,0,0,0,0,0,0,0,0,0,1,0,0,0,0,0,0,0,0,0,1,0,0,0,0,0,0,0,0,0,0,0,0,0,0,0,0,0,0,0,0,0,0,0,0,0,0,0,0,0
Les Bas-Fonds,GORKI,1818,1936,[1900-1950[,1902,[1850-1905[,"grand XIXe siècle, réalisme, monde impérial tardif",<=1917,0,0,0,0,0,0,0,0,0,0,0,0,0,0,0,0,0,0,0,0,0,1,0,0,0,0,0,0,0,0,0,0,0,0,0,0,0,0,0,0,0,0,0,0,0,0,0,0,0,0,0,0,0,0,0,0,0,0,0,1,0,0,1,0,0
Les Blaireaux,LEONOV,1899,1994,[1950-2000[,1924,[1917-1953[,"révolution, guerre civile, stalinisme",>1917,0,0,0,0,0,0,0,0,1,0,0,0,0,0,0,0,0,0,0,0,0,0,0,0,0,0,0,0,0,0,0,0,0,0,0,0,0,0,0,0,0,0,0,0,1,0,0,0,0,0,0,1,0,1,0,0,0,1,0,0,1,0,0,1,0
Bonheur conjugal,L.TOLSTOÏ,1828,1910,[1900-1950[,1859,[1850-1905[,"grand XIXe siècle, réalisme, monde impérial tardif",<=1917,1,0,0,0,0,1,1,0,0,0,0,0,0,0,0,0,0,0,0,0,0,0,0,0,0,0,0,0,0,0,0,0,1,0,0,0,0,0,0,0,0,0,0,0,0,0,0,0,0,0,0,0,0,0,0,0,0,0,0,0,0,0,0,0,0
Boris Godounov,POUCHKINE,1799,1837,[1800-1850[,1825,[1800-1850[,première moitié du XIXe siècle,<=1917,1,0,0,0,0,0,0,0,0,0,0,0,0,0,0,0,0,0,0,0,0,0,0,0,0,0,0,0,0,0,0,0,0,0,0,1,0,0,0,0,0,0,0,0,0,1,0,0,1,0,0,0,1,0,1,0,0,0,0,0,0,0,0,0,0
Le Brigadier,FONVIZINE,1745,1792,<1800,1769,<1800,période ancienne / pré-moderne,<=1917,1,0,0,0,0,0,0,0,0,0,0,0,0,0,0,0,0,0,0,0,0,0,0,0,0,0,0,0,0,0,0,0,0,0,0,0,0,0,0,0,1,0,0,0,0,0,0,0,0,0,0,0,0,0,0,0,0,0,0,0,0,0,0,0,0
Les Carnets d'un Chasseur,TOURGUENIEV,1818,1883,[1850-1900[,1850,[1850-1905[,"grand XIXe siècle, réalisme, monde impérial tardif",<=1917,0,0,0,0,0,0,0,0,0,0,0,0,0,0,0,0,1,0,0,0,0,0,0,0,0,0,0,0,0,0,0,0,0,0,0,1,0,1,0,1,0,0,0,0,0,1,0,0,0,0,0,0,0,0,0,1,0,0,0,0,1,0,0,0,0
Cavalerie rouge,BABEL,1894,1941,[1900-1950[,1925,[1917-1953[,"révolution, guerre civile, stalinisme",>1917,0,0,0,0,0,0,0,0,0,0,1,0,0,0,0,0,0,0,1,0,0,0,0,0,0,0,0,0,0,0,0,0,0,0,0,0,0,0,0,0,0,0,0,0,0,0,0,0,0,0,0,0,0,1,0,0,0,0,0,0,0,0,0,0,1
Le Cavalier d'airain,POUCHKINE,1799,1837,[1800-1850[,1833,[1800-1850[,première moitié du XIXe siècle,<=1917,0,0,0,0,0,0,0,0,0,0,0,0,0,0,0,0,0,0,0,0,0,0,0,0,1,0,0,0,0,0,0,0,0,0,0,0,1,1,0,0,0,0,0,0,0,0,0,0,1,0,0,0,0,0,0,0,0,0,0,0,0,0,0,1,0
La Cerisaie,TCHEKHOV,1860,1904,[1900-1950[,1904,[1850-1905[,"grand XIXe siècle, réalisme, monde impérial tardif",<=1917,0,0,1,0,0,0,0,0,0,0,0,0,0,0,0,0,1,0,0,0,0,0,0,0,0,1,0,0,0,0,0,0,0,0,0,0,0,0,0,0,0,0,0,0,0,0,1,0,0,0,0,0,0,0,0,0,0,0,0,0,0,0,0,0,0
La Chaussée de Volokolamsk,BECK,1903,1972,[1950-2000[,1944,[1917-1953[,"révolution, guerre civile, stalinisme",>1917,0,0,0,0,0,0,0,0,0,0,0,0,0,0,0,0,0,0,1,0,0,0,0,0,0,0,0,0,0,0,0,0,0,0,0,0,0,0,0,0,0,0,0,1,0,0,0,0,0,1,0,0,0,0,0,0,0,0,0,0,0,0,0,0,0
Le Chemin des tourments,A.TOLSTOÏ,1882,1945,[1900-1950[,1931,[1917-1953[,"révolution, guerre civile, stalinisme",>1917,1,0,0,0,0,0,0,0,0,0,0,0,0,0,0,0,0,0,1,0,0,0,0,0,0,1,0,0,0,0,0,0,0,0,0,0,0,0,0,0,0,0,0,0,0,0,0,0,0,0,0,0,0,1,0,0,0,0,0,0,0,0,0,0,0
Le Chevalier avare,POUCHKINE,1799,1837,[1800-1850[,1830,[1800-1850[,première moitié du XIXe siècle,<=1917,0,0,1,0,0,0,0,0,0,0,0,0,0,0,0,0,0,0,0,0,1,0,0,0,0,0,0,0,0,0,0,0,0,0,0,0,0,0,0,0,0,1,0,0,0,0,0,0,0,0,0,0,0,0,0,0,0,0,0,0,0,0,0,0,0
Chez moi,KOUZNETSOV,1929,1979,[1950-2000[,1964,[1953-1991[,période soviétique post-stalinienne,>1917,0,0,0,0,0,0,1,0,0,0,0,0,0,0,0,0,1,0,0,0,0,0,0,0,1,0,0,0,0,0,0,0,0,0,0,0,0,0,0,0,0,0,0,0,0,0,0,0,0,0,0,0,0,0,0,0,0,0,0,0,0,1,0,0,0
Choses vécues et Pensées,HERZEN,1812,1870,[1850-1900[,1860,[1850-1905[,"grand XIXe siècle, réalisme, monde impérial tardif",<=1917,0,0,0,0,0,0,0,0,0,0,0,0,0,0,0,0,0,1,0,0,0,0,0,0,1,1,0,0,0,0,0,0,0,1,0,0,0,0,0,1,1,0,0,0,0,0,0,0,0,0,0,0,0,0,0,0,0,0,0,0,0,0,0,0,0
Chronique de famille,AKSAKOV,1791,1859,[1850-1900[,1856,[1850-1905[,"grand XIXe siècle, réalisme, monde impérial tardif",<=1917,0,0,0,0,0,0,0,0,0,0,0,0,0,0,0,0,0,0,0,0,0,0,0,0,0,0,0,0,0,0,0,0,0,0,0,0,0,0,0,1,0,0,0,0,0,0,0,0,0,0,0,0,0,0,0,1,0,0,0,0,1,0,0,0,0
Cœur de chien,BOULGAKOV,1891,1940,[1900-1950[,1925,[1917-1953[,"révolution, guerre civile, stalinisme",>1917,0,0,0,0,0,0,0,0,0,0,0,0,0,0,0,1,0,0,0,0,0,0,0,0,0,0,0,0,0,0,0,0,0,1,0,0,0,0,0,0,0,0,0,0,0,0,0,0,0,0,0,0,0,0,0,0,0,1,0,0,0,0,0,0,0
Le Collier d'ambre,POGODINE,1900,1962,[1950-2000[,1960,[1953-1991[,période soviétique post-stalinienne,>1917,1,0,0,0,0,0,0,0,0,0,0,0,0,0,0,0,0,0,0,0,0,0,0,0,0,0,0,0,0,0,0,0,0,0,0,0,0,0,0,0,0,0,0,0,0,0,0,0,0,0,0,0,0,0,0,0,0,1,0,0,0,1,0,0,0
Le Convive de pierre,POUCHKINE,1799,1837,[1800-1850[,1830,[1800-1850[,première moitié du XIXe siècle,<=1917,1,0,0,0,0,0,0,0,0,0,0,0,0,0,0,0,0,0,0,0,0,0,0,0,0,0,0,0,0,0,0,0,0,0,0,0,0,0,0,0,0,1,0,0,0,0,0,0,0,0,0,0,0,0,0,0,0,0,0,0,0,0,0,0,0
Les Cosaques,L.TOLSTOÏ,1828,1910,[1900-1950[,1858,[1850-1905[,"grand XIXe siècle, réalisme, monde impérial tardif",<=1917,0,0,0,0,0,1,0,0,0,0,1,0,0,0,0,0,0,0,0,0,0,0,0,0,0,0,0,0,0,1,0,0,0,0,0,0,0,1,0,0,0,0,0,0,0,0,0,0,0,0,0,0,0,0,0,0,0,0,0,0,0,0,0,0,0
Le Coup de pistolet,POUCHKINE,1799,1837,[1800-1850[,1830,[1800-1850[,première moitié du XIXe siècle,<=1917,0,0,0,1,0,0,0,0,0,0,0,0,0,0,0,0,0,0,0,0,0,0,0,0,0,0,0,0,0,0,0,0,0,0,0,0,0,0,0,0,0,1,0,0,0,0,0,0,0,0,0,0,0,0,0,0,0,0,0,0,0,0,0,0,0
Crime et Châtiment,DOSTOÏEVSKI,1821,1881,[1850-1900[,1866,[1850-1905[,"grand XIXe siècle, réalisme, monde impérial tardif",<=1917,1,0,0,0,0,0,0,0,0,0,0,0,0,0,0,0,1,0,0,0,0,1,0,0,0,0,0,0,0,0,1,0,0,0,0,1,0,0,0,0,0,0,0,0,0,0,0,0,1,0,0,0,1,0,0,0,0,0,0,0,0,0,0,1,0
La Dame au petit chien,TCHEKHOV,1860,1904,[1900-1950[,1899,[1850-1905[,"grand XIXe siècle, réalisme, monde impérial tardif",<=1917,1,0,0,0,0,0,0,0,0,0,0,0,0,0,0,0,1,0,0,0,0,0,0,0,0,0,0,0,0,0,0,0,0,0,0,0,0,0,0,0,0,0,0,0,0,0,0,0,0,0,0,0,0,0,0,0,0,0,0,0,0,0,0,0,0
La Dame de pique,POUCHKINE,1799,1837,[1800-1850[,1834,[1800-1850[,première moitié du XIXe siècle,<=1917,0,0,1,0,0,0,0,0,0,0,0,1,0,0,0,1,0,0,0,0,0,0,0,0,0,0,0,1,0,0,0,0,0,0,0,0,0,0,0,0,0,0,0,0,0,0,0,0,0,0,0,0,0,0,0,0,0,0,0,0,0,0,0,0,0
Dans les forêts,MELNIKOV-PETCHERSKI,1819,1883,[1850-1900[,1875,[1850-1905[,"grand XIXe siècle, réalisme, monde impérial tardif",<=1917,1,0,1,0,0,0,0,0,0,0,0,0,0,0,0,0,0,0,0,0,0,0,0,0,0,0,0,0,0,0,0,0,0,0,0,0,0,0,0,0,0,0,0,0,1,0,0,1,0,0,0,0,0,0,0,0,0,0,0,0,1,0,0,0,0
Dans les Tranchées de Stalingrad,V.NEKRASSOV,1911,1987,[1950-2000[,1946,[1917-1953[,"révolution, guerre civile, stalinisme",>1917,0,0,0,0,0,0,0,0,0,1,0,0,0,0,0,0,0,0,1,0,0,0,0,0,0,0,0,0,0,0,0,0,0,0,0,0,0,0,0,0,0,0,0,0,0,0,0,0,0,1,0,0,0,0,0,0,0,0,0,0,0,0,0,0,0
Le Démon mesquin,SOLOGOUB,1863,1927,[1900-1950[,1902,[1850-1905[,"grand XIXe siècle, réalisme, monde impérial tardif",<=1917,1,1,0,0,0,0,0,0,0,0,0,1,0,0,0,0,0,0,0,0,0,0,0,0,0,0,0,0,0,0,1,0,0,0,0,0,0,0,0,0,0,0,0,0,0,0,0,0,0,0,0,0,0,0,0,0,0,0,0,0,0,0,0,0,0
Les Démons,DOSTOÏEVSKI,1821,1881,[1850-1900[,1871,[1850-1905[,"grand XIXe siècle, réalisme, monde impérial tardif",<=1917,1,0,0,0,0,0,0,0,0,0,0,0,1,0,0,0,1,0,0,0,0,0,0,0,0,0,0,0,0,0,1,0,0,0,0,1,0,0,1,0,1,0,0,0,0,1,0,0,0,0,0,0,0,0,1,0,0,0,0,0,0,0,0,0,0
Destin d'un homme,CHOLOKHOV,1905,1984,[1950-2000[,1957,[1953-1991[,période soviétique post-stalinienne,>1917,1,0,0,0,0,0,0,1,0,0,0,0,0,0,0,0,0,0,1,0,0,0,0,0,0,0,0,0,0,0,0,0,0,0,0,0,0,0,0,0,0,0,0,0,0,0,0,0,0,0,0,0,0,0,0,0,0,0,0,0,0,0,0,0,0
Le Docteur Jivago,PASTERNAK,1890,1960,[1950-2000[,1954,[1953-1991[,période soviétique post-stalinienne,>1917,1,0,0,0,0,0,0,0,0,0,0,0,0,0,0,0,1,0,1,0,0,0,0,0,1,0,0,0,0,0,0,0,0,0,0,0,0,1,0,0,0,0,0,0,0,0,0,0,0,0,0,0,0,1,0,0,0,0,0,0,0,0,0,0,0
Le Don Paisible,CHOLOKHOV,1905,1984,[1950-2000[,1934,[1917-1953[,"révolution, guerre civile, stalinisme",>1917,1,0,0,0,0,0,0,0,0,0,1,0,0,0,0,0,1,0,1,0,0,0,0,0,0,0,0,0,0,0,0,0,0,0,0,0,0,0,0,0,0,0,0,0,0,0,0,0,0,0,0,0,0,1,0,0,0,0,0,0,0,0,0,0,1
Doubrovski,POUCHKINE,1799,1837,[1800-1850[,1833,[1800-1850[,première moitié du XIXe siècle,<=1917,1,0,0,0,0,0,0,0,0,0,0,0,0,0,0,0,0,0,0,0,0,0,0,0,0,0,0,0,1,0,0,0,0,0,0,0,0,0,0,0,0,0,0,0,1,0,0,0,0,0,0,0,0,0,0,0,0,0,0,0,0,0,0,0,0
Douce,DOSTOÏEVSKI,1821,1881,[1850-1900[,1876,[1850-1905[,"grand XIXe siècle, réalisme, monde impérial tardif",<=1917,1,0,0,0,0,0,0,0,0,0,0,0,0,0,0,0,0,0,0,0,0,0,0,0,0,0,0,0,0,0,0,0,0,0,0,1,0,0,0,0,0,0,0,0,0,0,0,0,0,0,0,0,0,0,0,0,0,0,1,0,0,0,0,0,0
Les Douze,BLOK,1880,1921,[1900-1950[,1918,[1917-1953[,"révolution, guerre civile, stalinisme",>1917,0,0,0,0,0,0,0,0,0,0,0,0,0,0,0,0,0,0,0,0,0,0,0,0,0,0,0,0,0,0,0,0,0,0,0,0,0,0,0,0,0,0,0,0,0,0,0,0,0,0,0,0,0,1,0,0,0,0,0,0,0,0,0,0,1
Les Douze chaises,ILF ET PETROV,1897,1942,[1900-1950[,1928,[1917-1953[,"révolution, guerre civile, stalinisme",>1917,0,0,1,0,0,0,0,0,0,0,0,0,0,0,0,0,0,0,0,0,0,0,0,0,0,0,0,0,0,0,0,0,0,1,0,0,0,0,0,0,0,0,0,0,0,0,0,0,0,0,0,0,0,0,0,0,0,1,0,0,0,0,0,0,0
Le Duel,KOUPRINE,1870,1938,[1900-1950[,1905,[1905-1917[,crise pré-révolutionnaire,<=1917,0,0,0,1,0,0,0,0,0,0,0,0,0,0,0,0,1,0,0,0,0,0,0,0,0,0,0,0,0,0,0,0,0,1,0,1,0,0,0,0,0,0,0,0,0,0,0,0,0,0,1,0,0,0,0,0,0,0,0,0,0,0,0,0,0
Enfance,GORKI,1818,1936,[1900-1950[,1912,[1905-1917[,crise pré-révolutionnaire,<=1917,0,1,0,0,0,0,0,0,0,0,0,0,0,0,0,0,0,0,0,0,0,0,0,0,0,0,0,0,0,0,0,0,0,0,1,0,0,0,0,0,0,0,0,0,0,0,0,0,0,0,0,0,0,0,0,0,0,0,0,0,0,0,0,0,0
Enfance et Adolescence,L.TOLSTOÏ,1828,1910,[1900-1950[,1853,[1850-1905[,"grand XIXe siècle, réalisme, monde impérial tardif",<=1917,0,1,0,0,0,0,0,0,0,0,0,0,0,0,0,0,0,0,0,0,0,0,0,0,0,0,0,0,0,0,0,0,0,0,0,0,0,0,0,0,0,0,0,0,0,0,0,0,0,0,0,0,0,0,0,0,0,0,0,0,0,0,0,0,0
Enfantés par la tempête,N.OSTROVSKI,1904,1936,[1900-1950[,1936,[1917-1953[,"révolution, guerre civile, stalinisme",>1917,0,0,0,0,0,0,0,0,0,0,0,0,0,0,0,0,0,0,1,0,0,0,0,0,0,0,0,0,0,0,0,0,0,0,0,0,0,0,0,0,0,0,0,1,0,0,0,0,0,0,0,0,0,0,0,0,0,1,0,0,0,0,0,0,0
En gagnant mon pain,GORKI,1818,1936,[1900-1950[,1914,[1905-1917[,crise pré-révolutionnaire,<=1917,0,1,0,0,0,0,0,0,0,0,0,0,0,0,0,0,0,0,0,0,0,1,0,0,0,0,0,0,0,0,0,0,0,0,1,0,0,0,0,0,0,0,0,0,0,0,0,0,0,0,0,0,0,0,0,0,0,0,0,0,0,0,0,0,0
Les Ennemis,GORKI,1818,1936,[1900-1950[,1906,[1905-1917[,crise pré-révolutionnaire,<=1917,0,0,0,0,0,0,0,0,1,0,0,0,0,0,0,0,0,0,0,0,0,1,0,0,0,0,0,0,0,0,0,0,0,0,0,0,0,0,0,0,0,0,0,0,0,0,0,0,0,0,0,0,0,0,0,0,1,1,0,0,0,1,0,0,0
Une Ère inconnue commence,PAOUSTOVSKI,1892,1968,[1950-2000[,1956,[1953-1991[,période soviétique post-stalinienne,>1917,0,0,0,0,0,0,0,0,0,0,0,0,0,0,0,0,0,0,1,0,0,0,0,0,0,0,0,0,0,0,0,0,0,0,0,0,0,0,0,0,0,0,0,1,0,0,0,0,0,0,0,0,0,1,0,0,0,0,0,0,0,0,0,0,0
Un Eté extraordinaire,FEDINE,1892,1977,[1950-2000[,1948,[1917-1953[,"révolution, guerre civile, stalinisme",>1917,1,0,0,0,1,0,0,0,0,1,0,0,0,0,0,0,0,0,1,0,0,0,0,0,0,0,0,0,0,0,0,0,0,0,0,0,0,0,0,0,0,0,0,1,0,0,0,0,0,0,0,0,0,0,0,0,0,0,0,0,0,0,0,0,0
L'Eternel mari,DOSTOÏEVSKI,1821,1881,[1850-1900[,1870,[1850-1905[,"grand XIXe siècle, réalisme, monde impérial tardif",<=1917,1,0,0,0,0,0,0,0,0,0,0,0,0,0,0,0,0,0,0,0,0,0,0,0,0,0,0,0,0,0,0,0,0,0,0,0,0,0,0,0,0,0,0,0,0,0,0,0,0,0,0,0,0,0,0,0,0,0,0,0,0,0,0,0,0
Les Etoiles du jour,BERGHOLTS,1910,1975,[1950-2000[,1957,[1953-1991[,période soviétique post-stalinienne,>1917,0,0,0,0,1,0,0,0,0,1,0,0,0,0,0,0,0,0,1,0,0,0,0,0,0,0,0,0,0,0,0,0,0,0,0,0,0,0,0,0,0,0,0,1,0,0,0,0,0,0,0,0,0,0,0,0,0,1,0,0,0,0,0,0,0
Eugène Onéguine,POUCHKINE,1799,1837,[1800-1850[,1827,[1800-1850[,première moitié du XIXe siècle,<=1917,1,0,0,0,0,0,1,0,0,0,0,0,0,0,1,0,1,0,0,0,0,0,0,0,0,0,0,0,0,0,0,0,0,0,0,0,0,1,0,1,0,0,0,0,0,0,0,0,0,0,0,0,0,0,0,0,0,0,0,0,0,0,0,0,0
L'Evêque,TCHEKHOV,1860,1904,[1900-1950[,1902,[1850-1905[,"grand XIXe siècle, réalisme, monde impérial tardif",<=1917,0,0,0,0,0,0,0,0,0,0,0,0,0,0,0,0,0,0,0,0,0,0,0,0,0,0,0,0,0,0,0,0,0,0,0,1,0,0,0,0,0,0,0,0,0,0,0,0,0,0,0,0,0,0,0,0,0,0,0,0,0,0,0,0,0
Une Famille déchue,LESKOV,1831,1895,[1850-1900[,1874,[1850-1905[,"grand XIXe siècle, réalisme, monde impérial tardif",<=1917,0,0,0,0,0,0,0,0,0,0,0,0,0,1,0,0,1,0,0,0,0,0,0,0,0,0,0,0,0,0,0,0,0,0,0,0,0,0,0,1,0,0,0,0,0,0,0,0,0,0,0,0,0,0,0,1,0,0,0,0,1,0,0,0,0
La Fille du capitaine,POUCHKINE,1799,1837,[1800-1850[,1836,[1800-1850[,première moitié du XIXe siècle,<=1917,1,1,0,1,0,0,0,0,0,0,0,0,0,0,0,0,1,0,0,0,0,0,0,0,0,0,0,0,0,0,0,0,0,0,0,0,0,0,0,0,0,0,0,0,0,0,0,0,1,0,0,1,0,1,0,0,0,0,0,0,0,0,0,0,0
Fondrières,TENDRIAKOV,1923,1983,[1950-2000[,1956,[1953-1991[,période soviétique post-stalinienne,>1917,0,0,0,0,0,0,0,0,0,0,0,0,0,0,0,0,0,0,0,0,0,0,0,0,0,0,0,0,0,0,0,0,0,0,0,1,0,0,0,0,0,0,0,0,0,0,0,0,0,1,0,0,0,0,0,0,0,0,0,0,0,0,0,0,0
Les Frères Karamazov,DOSTOÏEVSKI,1821,1881,[1850-1900[,1880,[1850-1905[,"grand XIXe siècle, réalisme, monde impérial tardif",<=1917,1,0,1,0,0,0,0,0,0,0,0,0,1,0,0,0,0,0,0,0,0,0,0,0,0,0,0,0,0,0,1,0,0,0,0,0,0,0,0,0,0,0,0,0,0,0,0,0,1,0,0,0,1,0,0,0,0,0,0,1,0,0,0,0,0
Fumée,TOURGUENIEV,1818,1883,[1850-1900[,1867,[1850-1905[,"grand XIXe siècle, réalisme, monde impérial tardif",<=1917,1,0,0,0,0,0,0,0,0,0,0,0,0,0,0,0,1,0,0,0,0,0,0,0,0,1,0,0,0,0,0,0,0,0,0,0,0,0,0,1,1,0,0,0,0,0,0,0,0,0,0,0,0,0,0,0,0,0,0,0,0,0,0,0,0
La Garde blanche,BOULGAKOV,1891,1940,[1900-1950[,1924,[1917-1953[,"révolution, guerre civile, stalinisme",>1917,0,0,0,0,0,0,0,0,0,0,0,0,0,0,0,0,0,0,1,0,1,0,0,0,0,1,0,0,0,0,0,0,0,0,0,0,0,0,0,0,0,0,0,0,0,0,0,0,0,0,0,0,0,0,0,0,0,0,0,0,0,0,0,0,0
Le Gel au nez rouge,N.NEKRASSOV,1821,1878,[1850-1900[,1863,[1850-1905[,"grand XIXe siècle, réalisme, monde impérial tardif",<=1917,0,0,0,0,0,0,0,0,0,0,0,0,0,0,0,0,1,0,0,0,0,0,0,0,0,0,0,0,0,0,0,0,0,0,0,0,0,0,0,0,0,0,0,0,0,0,0,0,0,0,0,0,0,0,0,0,0,0,0,0,0,0,0,0,0
Les Golovliov,SALTYKOV-CHTCHEDRINE,1826,1889,[1850-1900[,1876,[1850-1905[,"grand XIXe siècle, réalisme, monde impérial tardif",<=1917,0,0,1,0,0,0,0,0,0,0,0,0,0,0,0,0,0,0,0,0,0,0,0,1,0,0,0,0,0,0,0,0,0,0,0,0,0,0,0,1,0,0,0,0,0,0,0,0,0,0,0,0,0,0,0,1,0,0,0,0,0,0,0,0,0
Le Grand filon,VLADIMOV,1931,2003,>2000,1962,[1953-1991[,période soviétique post-stalinienne,>1917,0,0,0,0,0,0,0,0,0,0,0,0,0,0,0,0,0,0,0,0,0,0,0,0,0,0,0,0,0,0,0,0,0,0,0,0,0,0,0,0,0,0,0,0,0,0,0,0,0,0,0,0,0,0,0,0,0,0,0,0,0,1,0,0,0
Guerre et Paix,L.TOLSTOÏ,1828,1910,[1900-1950[,1866,[1850-1905[,"grand XIXe siècle, réalisme, monde impérial tardif",<=1917,1,0,0,0,0,0,0,0,0,0,0,0,1,0,0,0,1,0,1,1,0,0,0,0,0,0,0,0,0,0,0,0,0,0,0,1,1,0,0,1,1,0,0,0,0,1,0,0,0,0,0,0,0,0,0,0,0,0,0,0,0,0,0,0,0
Hadji Mourat,L.TOLSTOÏ,1828,1910,[1900-1950[,1900,[1850-1905[,"grand XIXe siècle, réalisme, monde impérial tardif",<=1917,0,0,0,0,0,0,0,0,0,0,0,0,0,0,0,0,0,0,0,0,0,0,0,0,0,0,0,0,0,0,0,0,0,0,0,1,0,1,0,0,0,0,0,0,0,0,0,0,0,0,0,0,0,0,0,0,0,0,0,0,0,0,0,0,0
Un Héros de notre temps,LERMONTOV,1814,1841,[1800-1850[,1840,[1800-1850[,première moitié du XIXe siècle,<=1917,1,0,0,0,0,0,0,0,0,0,0,0,0,0,1,0,0,0,0,0,0,0,0,0,0,0,0,0,0,0,0,0,0,0,0,0,0,1,0,0,0,0,0,0,0,0,0,0,0,0,0,0,0,0,0,0,0,0,0,0,0,0,0,0,0
Histoire d'une ville,SALTYKOV-CHTCHEDRINE,1826,1889,[1850-1900[,1870,[1850-1905[,"grand XIXe siècle, réalisme, monde impérial tardif",<=1917,0,0,0,0,0,0,0,0,0,0,0,0,0,0,0,1,0,0,0,0,0,0,0,0,0,0,0,0,0,0,0,0,0,0,0,0,0,0,0,0,0,0,0,0,0,1,0,0,1,0,0,0,0,0,0,0,0,0,0,0,0,0,0,1,0
L'Homme ne vit pas seulement de pain,DOUDINTSEV,1918,1998,[1950-2000[,1956,[1953-1991[,période soviétique post-stalinienne,>1917,1,0,0,0,0,0,0,0,0,0,0,0,0,0,0,0,1,0,0,0,0,0,0,0,1,0,0,0,1,0,0,0,0,0,0,0,0,0,0,0,0,0,0,0,0,0,0,0,0,0,0,0,0,0,0,0,0,1,0,0,0,0,0,0,0
Un Homme véritable,POLEVOÏ,1908,1981,[1950-2000[,1946,[1917-1953[,"révolution, guerre civile, stalinisme",>1917,0,0,0,0,0,0,0,0,0,1,0,0,0,0,0,0,0,0,1,1,0,0,0,0,0,0,0,0,0,0,0,0,0,0,0,0,0,0,0,0,0,0,0,1,0,0,0,0,0,0,0,0,0,0,0,0,0,0,0,0,0,0,0,0,0
Humiliés et Offensés,DOSTOÏEVSKI,1821,1881,[1850-1900[,1861,[1850-1905[,"grand XIXe siècle, réalisme, monde impérial tardif",<=1917,1,0,1,0,0,0,0,0,0,0,0,0,0,0,0,0,1,0,0,0,0,0,1,0,0,0,0,0,0,0,1,0,0,0,1,0,0,0,0,0,0,0,0,0,0,0,0,0,0,0,0,0,0,0,0,0,0,0,0,1,0,0,0,1,0
Hyménée,GOGOL,1811,1852,[1850-1900[,1837,[1800-1850[,première moitié du XIXe siècle,<=1917,0,0,0,0,0,0,0,0,0,0,0,0,0,0,0,0,0,1,0,0,0,0,0,0,0,0,0,0,0,0,0,1,1,0,0,0,0,0,0,0,0,0,0,0,0,0,0,0,0,0,0,0,0,0,0,0,0,0,0,0,0,0,0,0,0
L'Icône miraculeuse,TENDRIAKOV,1923,1983,[1950-2000[,1958,[1953-1991[,période soviétique post-stalinienne,>1917,0,1,0,0,0,0,1,0,0,0,0,0,0,1,0,0,0,0,0,0,0,0,0,0,0,0,0,0,0,0,0,0,0,0,0,0,0,0,0,0,0,0,0,0,0,0,0,1,0,0,0,0,0,0,0,0,0,0,0,0,1,0,0,0,0
L'Idiot,DOSTOÏEVSKI,1821,1881,[1850-1900[,1869,[1850-1905[,"grand XIXe siècle, réalisme, monde impérial tardif",<=1917,1,0,1,0,0,0,0,0,0,0,0,1,1,0,0,0,1,0,0,0,0,0,0,0,0,0,0,0,0,0,0,1,0,0,0,1,0,0,0,1,0,0,0,0,0,0,0,0,0,0,0,0,0,0,0,0,0,0,0,0,0,0,0,0,0
Il est un blanc navire,AÏTMATOV,1928,2008,>2000,1970,[1953-1991[,période soviétique post-stalinienne,>1917,0,1,0,0,0,0,0,0,0,0,0,0,0,0,0,0,0,0,0,0,0,0,0,0,0,0,0,0,0,0,0,0,0,0,0,0,0,1,0,0,0,0,0,0,0,0,0,0,0,0,1,0,0,0,0,0,0,0,0,0,1,0,0,0,0
Un incident à la gare Krétchétovka,SOLJENITSYNE,1918,2008,>2000,1963,[1953-1991[,période soviétique post-stalinienne,>1917,0,0,0,0,0,0,0,0,0,0,0,0,0,0,0,0,0,0,1,0,0,0,0,0,0,0,0,0,0,0,0,0,0,0,0,0,0,0,0,0,0,0,0,0,0,0,0,0,0,1,0,0,0,0,0,0,0,0,0,0,0,0,0,0,0
Ivanov,TCHEKHOV,1860,1904,[1900-1950[,1888,[1850-1905[,"grand XIXe siècle, réalisme, monde impérial tardif",<=1917,1,0,0,0,0,0,0,0,0,0,0,0,0,0,1,0,0,0,0,0,0,0,0,0,0,0,0,0,0,0,0,0,0,0,0,1,0,0,0,0,0,0,0,0,0,0,0,0,0,0,0,0,0,0,0,0,0,0,1,0,0,0,0,0,0
Les Jeunes années du petit-fils Bagrov,AKSAKOV,1791,1859,[1850-1900[,1856,[1850-1905[,"grand XIXe siècle, réalisme, monde impérial tardif",<=1917,0,1,0,0,0,0,0,0,0,0,0,0,0,0,0,0,0,0,0,0,0,0,0,0,0,0,0,0,0,0,0,0,0,0,0,0,0,1,0,1,0,0,0,0,0,0,0,0,0,0,0,0,0,0,0,1,0,0,0,0,1,0,0,0,0
La Jeune Garde,FADEÏEV,1901,1956,[1950-2000[,1948,[1917-1953[,"révolution, guerre civile, stalinisme",>1917,0,0,0,0,0,0,0,0,0,1,0,0,0,0,0,0,0,0,1,1,0,0,0,0,0,0,0,0,0,0,0,0,0,0,0,0,0,0,0,0,0,0,0,1,0,0,0,0,0,0,0,0,0,0,0,0,0,0,0,0,0,0,0,0,0
Une Jeunesse inquiète,PAOUSTOVSKI,1892,1968,[1950-2000[,1954,[1953-1991[,période soviétique post-stalinienne,>1917,1,1,0,0,0,0,0,0,0,0,0,0,0,0,0,0,0,0,1,0,0,0,0,0,0,0,0,0,0,0,0,0,0,0,0,0,0,0,0,0,0,0,0,0,0,0,0,0,0,0,0,0,0,0,0,0,0,0,0,0,0,0,0,0,0
Le Joueur,DOSTOÏEVSKI,1821,1881,[1850-1900[,1866,[1850-1905[,"grand XIXe siècle, réalisme, monde impérial tardif",<=1917,1,0,1,0,0,0,0,0,0,0,0,0,0,0,0,0,1,0,0,0,0,0,0,0,0,0,0,1,0,0,0,0,0,0,0,0,0,0,0,0,0,0,0,0,0,0,0,0,0,0,0,0,0,0,0,0,0,0,0,0,0,0,0,0,0
Le Journal d'un fou,GOGOL,1811,1852,[1850-1900[,1835,[1800-1850[,première moitié du XIXe siècle,<=1917,0,0,0,0,0,0,0,0,0,0,0,1,0,0,0,0,0,0,0,0,0,0,0,0,0,0,0,0,0,0,0,0,0,0,0,0,0,0,0,0,0,0,0,0,0,0,0,0,0,0,0,0,0,0,0,0,0,0,0,0,0,0,0,0,0
Une journée d'Ivan Dénissovitch,SOLJENITSYNE,1918,2008,>2000,1962,[1953-1991[,période soviétique post-stalinienne,>1917,0,0,0,0,0,0,0,1,0,0,0,0,0,0,0,0,0,0,0,0,0,0,0,0,0,0,0,0,0,1,0,0,0,0,0,0,0,0,0,0,0,0,0,0,0,0,0,0,0,0,0,0,0,0,0,0,0,1,0,1,0,1,0,0,0
Les Jours et les Nuits,SIMONOV,1915,1979,[1950-2000[,1944,[1917-1953[,"révolution, guerre civile, stalinisme",>1917,0,0,0,0,0,0,0,0,0,0,0,0,0,0,0,0,0,0,1,0,0,0,0,0,0,0,0,0,0,0,0,0,0,0,0,0,0,0,0,0,0,0,0,1,0,0,0,0,0,0,0,0,0,0,0,0,0,0,0,0,0,0,0,0,0
Le Jugement,TENDRIAKOV,1923,1983,[1950-2000[,1961,[1953-1991[,période soviétique post-stalinienne,>1917,0,0,0,0,0,0,0,0,0,0,0,0,0,0,0,0,0,0,0,0,0,0,0,0,0,0,0,0,1,0,0,0,0,0,0,0,0,1,0,0,0,0,0,0,0,0,0,0,0,1,0,0,0,0,0,0,0,0,0,0,0,0,0,0,0
Kira,V.NEKRASSOV,1911,1987,[1950-2000[,1962,[1953-1991[,période soviétique post-stalinienne,>1917,1,0,0,0,1,0,0,1,0,0,0,0,0,0,0,0,1,0,0,0,0,0,0,0,0,0,0,0,0,0,0,0,0,0,0,0,0,0,0,0,0,0,0,0,0,0,0,0,0,0,0,0,0,0,0,0,0,1,0,0,0,0,0,0,0
Lady Macbeth du district de Mtsensk,LESKOV,1831,1895,[1850-1900[,1865,[1850-1905[,"grand XIXe siècle, réalisme, monde impérial tardif",<=1917,1,0,0,0,0,0,0,0,0,0,0,0,0,0,0,0,0,0,0,0,0,0,0,0,0,0,0,0,0,0,0,0,0,0,0,0,0,0,0,0,0,0,0,0,0,0,0,0,0,0,0,0,0,0,0,0,0,0,0,0,0,0,0,0,0
Le Lieutenant Kijé,TYNIANOV,1894,1943,[1900-1950[,1928,[1917-1953[,"révolution, guerre civile, stalinisme",>1917,0,0,0,1,0,0,0,0,0,0,0,0,0,0,0,1,0,0,0,0,0,0,0,0,0,0,0,0,0,0,0,0,0,0,0,0,0,0,0,0,0,0,0,0,0,0,0,0,0,0,0,0,0,0,0,0,0,0,0,0,0,0,0,0,0
La Maison de Matriona,SOLJENITSYNE,1918,2008,>2000,1963,[1953-1991[,période soviétique post-stalinienne,>1917,0,0,1,0,0,0,0,0,0,0,0,0,0,0,0,0,1,0,0,0,0,0,0,0,0,0,0,0,0,0,0,0,0,0,0,0,0,0,0,0,0,0,0,0,0,0,0,0,0,0,0,0,0,0,0,0,0,0,0,0,1,0,0,0,0
Le Maître et Marguerite,BOULGAKOV,1891,1940,[1900-1950[,1940,[1917-1953[,"révolution, guerre civile, stalinisme",>1917,0,0,0,0,0,0,0,0,0,0,0,0,0,0,0,1,0,0,0,0,0,0,0,0,0,0,0,0,0,0,0,0,0,0,0,0,0,0,0,0,0,0,0,0,0,0,0,0,0,0,0,0,0,0,0,0,0,0,0,0,0,0,0,0,0
Maître et serviteur,L.TOLSTOÏ,1828,1910,[1900-1950[,1895,[1850-1905[,"grand XIXe siècle, réalisme, monde impérial tardif",<=1917,0,0,1,0,0,0,0,0,0,0,0,0,0,0,0,0,0,0,0,0,0,1,0,0,0,0,0,0,0,0,0,0,0,0,0,1,0,0,0,0,0,0,0,0,0,0,0,0,0,0,0,0,0,0,0,0,0,0,0,0,0,0,0,0,0
Le Malheur d'avoir de l'esprit,GRIBOÏEDOV,1795,1829,[1800-1850[,1824,[1800-1850[,première moitié du XIXe siècle,<=1917,1,0,0,0,0,0,0,0,0,0,0,1,0,0,0,0,0,0,0,0,0,0,0,0,0,0,0,0,0,0,0,0,0,1,0,0,0,0,0,1,1,0,0,0,0,0,0,0,0,0,0,0,0,0,0,0,0,0,1,0,0,0,0,0,0
Le Manteau,GOGOL,1811,1852,[1850-1900[,1841,[1800-1850[,première moitié du XIXe siècle,<=1917,0,0,0,0,0,0,0,0,0,0,0,0,0,0,0,1,0,1,0,0,0,0,0,0,0,0,0,0,0,0,0,0,0,0,0,0,0,0,0,0,0,0,0,0,0,0,0,0,0,0,0,0,0,0,0,0,0,0,0,0,0,0,0,1,0
Martha,KAZAKOV,1927,1982,[1950-2000[,1957,[1953-1991[,période soviétique post-stalinienne,>1917,0,0,0,0,0,0,0,0,0,0,0,0,0,0,0,0,1,0,0,0,0,0,0,0,0,0,0,0,0,0,0,0,0,0,0,0,0,0,0,0,0,0,0,0,0,0,0,0,0,0,0,0,0,0,0,0,0,0,1,0,0,0,0,0,0
Matinée d'un seigneur,L.TOLSTOÏ,1828,1910,[1900-1950[,1856,[1850-1905[,"grand XIXe siècle, réalisme, monde impérial tardif",<=1917,0,0,0,0,0,0,0,0,0,0,0,0,0,0,0,0,0,0,0,0,0,1,0,0,0,0,0,0,0,0,0,0,0,0,0,0,0,0,0,0,0,0,0,0,1,0,0,0,0,0,0,0,0,0,0,1,0,0,0,0,0,0,0,0,0
La Mère,GORKI,1818,1936,[1900-1950[,1906,[1905-1917[,crise pré-révolutionnaire,<=1917,1,0,0,0,0,0,0,0,0,0,0,0,0,0,0,0,1,0,0,1,0,0,0,0,0,0,0,0,0,0,0,0,0,0,1,0,0,0,0,0,0,0,0,0,0,0,0,0,0,0,0,0,0,0,0,0,1,0,0,0,0,0,0,0,0
Mes Universités,GORKI,1818,1936,[1900-1950[,1922,[1917-1953[,"révolution, guerre civile, stalinisme",>1917,0,1,0,0,0,0,0,0,0,0,0,0,0,0,0,0,0,0,0,0,0,0,0,0,0,0,0,0,0,0,0,0,0,0,0,0,0,0,0,0,0,0,0,0,0,0,0,0,0,0,0,0,0,0,0,0,0,0,0,0,0,0,0,0,0
Le Mineur,FONVIZINE,1745,1792,<1800,1782,<1800,période ancienne / pré-moderne,<=1917,0,0,0,0,0,0,0,0,0,0,0,0,0,0,0,0,0,0,0,0,0,0,0,0,0,0,0,0,0,0,0,0,0,0,0,0,0,0,0,1,0,0,0,0,0,0,0,0,0,0,0,0,0,0,0,1,0,0,0,0,0,0,0,0,0
Mistère-Bouffe,MAÏAKOVSKI,1893,1930,[1900-1950[,1921,[1917-1953[,"révolution, guerre civile, stalinisme",>1917,0,0,0,0,0,0,0,0,0,1,0,0,0,0,0,0,0,0,0,0,0,0,0,0,0,0,0,0,0,0,0,0,0,0,0,0,0,0,0,0,0,0,0,0,0,1,0,0,0,0,0,0,0,0,0,0,0,0,0,0,0,0,0,0,0
Un Mois à la campagne,TOURGUENIEV,1818,1883,[1850-1900[,1850,[1850-1905[,"grand XIXe siècle, réalisme, monde impérial tardif",<=1917,1,0,0,0,0,0,1,0,0,0,0,0,0,0,0,0,1,0,0,0,0,0,0,0,0,0,0,0,0,0,0,0,0,0,0,0,0,0,0,0,0,0,0,0,0,0,0,0,0,0,0,0,0,0,0,0,0,0,0,0,0,0,0,0,0
Le Monsieur de San Francisco,BOUNINE,1870,1953,[1950-2000[,1915,[1905-1917[,crise pré-révolutionnaire,<=1917,0,0,1,0,0,0,0,0,0,0,0,0,0,0,0,0,0,0,0,0,0,0,0,0,0,0,0,0,0,0,0,0,0,0,0,1,0,1,0,0,0,0,0,0,0,0,0,0,0,0,0,0,0,0,0,0,0,0,0,0,0,0,0,0,0
La Mort d'Ivan Ilitch,L.TOLSTOÏ,1828,1910,[1900-1950[,1886,[1850-1905[,"grand XIXe siècle, réalisme, monde impérial tardif",<=1917,0,0,0,0,0,0,0,0,0,0,0,0,0,0,0,0,0,0,0,0,0,0,0,1,0,0,0,0,0,0,0,0,0,0,0,1,0,0,0,0,0,0,0,0,0,0,0,0,0,0,0,0,0,0,0,0,0,0,0,1,0,0,0,0,0
La Mouette,TCHEKHOV,1860,1904,[1900-1950[,1896,[1850-1905[,"grand XIXe siècle, réalisme, monde impérial tardif",<=1917,0,0,0,0,1,0,0,0,0,0,0,0,0,0,0,0,1,0,0,0,0,0,0,0,0,0,0,0,0,0,0,0,0,0,0,0,0,0,0,0,0,0,0,0,0,0,0,0,0,0,1,0,0,0,0,0,0,0,0,0,0,0,0,0,0
Mozart et Saliéri,POUCHKINE,1799,1837,[1800-1850[,1830,[1800-1850[,première moitié du XIXe siècle,<=1917,0,0,0,0,1,0,0,0,0,0,0,0,0,0,0,0,0,0,0,0,0,0,0,0,0,0,1,0,0,0,0,0,0,0,0,0,0,0,0,0,0,1,0,0,0,0,0,0,0,0,0,0,0,0,0,0,0,0,0,0,0,0,0,0,0
Le Musicien aveugle,KOROLENKO,1853,1921,[1900-1950[,1886,[1850-1905[,"grand XIXe siècle, réalisme, monde impérial tardif",<=1917,0,0,0,0,1,1,0,0,0,0,0,0,0,0,0,0,0,0,0,0,0,0,0,0,0,0,0,0,0,0,0,0,0,0,0,0,0,0,0,0,0,0,0,0,0,0,0,0,0,0,0,0,0,0,0,0,0,0,0,1,0,0,0,0,0
Le Nez,GOGOL,1811,1852,[1850-1900[,1834,[1800-1850[,première moitié du XIXe siècle,<=1917,0,0,0,0,0,0,0,0,0,0,0,0,0,0,0,1,0,1,0,0,0,0,0,0,0,0,0,0,0,0,0,0,0,0,0,0,0,0,0,0,0,0,0,0,0,0,0,0,0,0,0,0,0,0,0,0,0,0,0,0,0,0,0,1,0
Nid de Gentilshommes,TOURGUENIEV,1818,1883,[1850-1900[,1858,[1850-1905[,"grand XIXe siècle, réalisme, monde impérial tardif",<=1917,1,0,0,0,0,1,0,0,0,0,0,0,0,0,0,0,1,0,0,0,0,0,0,0,0,0,0,0,0,0,0,0,0,0,0,0,0,0,0,1,1,0,0,0,0,0,0,0,0,0,0,0,0,0,1,0,0,0,0,0,1,0,0,0,0
Nous autres,ZAMIATINE,1884,1937,[1900-1950[,1923,[1917-1953[,"révolution, guerre civile, stalinisme",>1917,1,0,0,0,0,1,0,0,0,0,0,0,0,0,0,1,0,0,0,0,0,0,0,0,1,0,0,0,0,1,0,0,0,0,0,0,0,0,0,0,0,0,0,0,0,0,0,0,0,0,0,0,0,0,0,0,0,0,0,0,0,0,0,0,0
Les Nuits blanches,DOSTOÏEVSKI,1821,1881,[1850-1900[,1848,[1800-1850[,première moitié du XIXe siècle,<=1917,1,0,0,0,0,1,0,0,0,0,0,0,0,0,0,0,0,0,0,0,0,0,0,0,0,0,0,0,0,0,0,0,0,0,0,0,0,0,0,0,0,0,0,0,0,0,0,0,0,0,1,0,0,0,0,0,0,0,1,0,0,0,0,0,0
Oblomov,GONTCHAROV,1821,1891,[1850-1900[,1857,[1850-1905[,"grand XIXe siècle, réalisme, monde impérial tardif",<=1917,0,0,0,0,0,0,1,0,0,0,0,0,0,0,0,0,1,0,0,0,0,0,0,0,0,0,0,0,0,0,0,0,0,0,0,0,0,0,0,0,0,0,1,0,0,0,0,0,0,0,0,0,0,0,0,0,0,0,0,0,1,0,0,0,0
Oncle Vania,TCHEKHOV,1860,1904,[1900-1950[,1897,[1850-1905[,"grand XIXe siècle, réalisme, monde impérial tardif",<=1917,0,0,0,0,0,0,0,0,0,0,0,0,0,0,1,0,1,0,0,0,0,0,0,0,0,1,0,0,0,0,0,0,0,0,0,0,0,0,0,0,0,0,0,0,0,0,0,0,0,0,1,0,0,0,0,0,0,0,0,0,0,0,0,0,0
L'Orage,A.OSTROVSKI,1823,1886,[1850-1900[,1859,[1850-1905[,"grand XIXe siècle, réalisme, monde impérial tardif",<=1917,1,0,1,0,0,0,0,0,0,0,0,0,0,0,0,0,1,0,0,0,0,0,0,0,0,0,0,0,0,0,0,1,0,0,0,0,0,0,0,0,0,0,0,0,0,0,0,0,0,0,1,0,0,0,0,0,0,0,0,0,1,0,0,0,0
La Pauvre Lise,KARAMZINE,1766,1826,[1800-1850[,1792,<1800,période ancienne / pré-moderne,<=1917,1,0,0,0,0,0,0,0,0,0,0,0,0,0,0,0,0,0,0,0,0,0,0,0,0,0,0,0,0,0,0,0,0,0,0,0,0,1,0,0,0,0,0,0,0,0,0,0,0,0,0,0,0,0,0,0,0,0,0,0,0,0,0,0,0
Les Pauvres gens,DOSTOÏEVSKI,1821,1881,[1850-1900[,1846,[1800-1850[,première moitié du XIXe siècle,<=1917,1,0,0,0,0,0,0,0,0,0,0,0,0,0,0,0,1,0,0,0,0,0,1,0,0,0,0,0,0,0,0,0,0,0,1,0,0,0,0,0,0,1,0,0,0,0,0,0,0,0,0,0,0,0,0,0,0,0,0,0,0,0,0,0,0
Le Pavillon des cancéreux,SOLJENITSYNE,1918,2008,>2000,1965,[1953-1991[,période soviétique post-stalinienne,>1917,1,0,0,0,0,0,0,1,0,0,0,0,0,0,0,0,0,0,0,0,0,1,0,0,0,0,0,0,0,0,0,0,0,0,0,1,0,0,0,0,0,0,0,0,0,0,0,0,0,0,0,0,0,0,0,0,1,0,1,1,0,0,0,0,0
Pères et fils,TOURGUENIEV,1818,1883,[1850-1900[,1862,[1850-1905[,"grand XIXe siècle, réalisme, monde impérial tardif",<=1917,0,0,0,0,0,0,0,0,0,0,0,0,0,0,0,0,0,0,0,0,0,0,0,0,0,1,0,0,0,0,0,0,0,0,0,0,0,0,1,1,0,0,0,0,0,0,0,0,0,0,0,0,0,0,0,0,0,0,0,0,0,0,0,0,0
Le Père Serge,L.TOLSTOÏ,1828,1910,[1900-1950[,1898,[1850-1905[,"grand XIXe siècle, réalisme, monde impérial tardif",<=1917,0,0,0,0,0,0,0,0,0,0,0,0,1,0,0,0,0,0,0,0,0,0,0,0,0,0,0,0,0,0,0,0,0,0,0,0,0,0,0,0,0,1,0,0,0,0,0,0,0,0,0,0,0,0,0,0,0,0,0,0,0,0,0,0,0
La Perspective Nevski,GOGOL,1811,1852,[1850-1900[,1835,[1800-1850[,première moitié du XIXe siècle,<=1917,0,0,0,0,0,0,0,0,0,0,0,0,0,0,0,0,1,0,0,0,0,0,0,0,0,0,0,0,0,0,0,0,0,0,0,0,0,0,0,0,0,0,0,0,0,0,0,0,0,0,0,0,0,0,0,0,0,0,0,0,0,0,0,1,0
Pétersbourg,BIELY,1880,1934,[1900-1950[,1912,[1905-1917[,crise pré-révolutionnaire,<=1917,0,0,0,0,0,0,0,0,0,0,0,1,0,0,0,1,0,0,0,0,0,0,0,0,0,0,0,0,0,0,0,0,0,0,0,0,0,0,0,0,1,0,0,0,0,0,0,0,0,0,0,0,0,1,0,0,0,0,0,0,0,0,0,1,0
Les Petits-bourgeois,GORKI,1818,1936,[1900-1950[,1901,[1850-1905[,"grand XIXe siècle, réalisme, monde impérial tardif",<=1917,0,0,1,0,0,0,0,0,0,0,0,0,0,0,0,0,0,0,0,0,0,0,0,0,0,0,0,0,0,0,0,0,0,0,0,0,0,0,0,0,0,0,0,0,0,0,0,0,0,0,0,0,0,0,0,0,0,0,0,0,0,0,0,0,0
Une place lucrative,A.OSTROVSKI,1823,1886,[1850-1900[,1857,[1850-1905[,"grand XIXe siècle, réalisme, monde impérial tardif",<=1917,0,0,0,0,0,0,0,0,0,0,0,0,0,0,0,0,0,1,0,0,1,0,0,0,0,0,0,0,0,0,0,0,0,1,0,0,0,0,0,0,0,0,0,0,0,0,0,0,0,0,0,0,0,0,0,0,0,0,0,0,0,1,0,0,0
Le Portrait,GOGOL,1811,1852,[1850-1900[,1842,[1800-1850[,première moitié du XIXe siècle,<=1917,0,0,0,0,1,0,0,0,0,0,0,0,0,0,0,1,0,0,0,0,0,0,0,0,0,0,0,0,0,0,1,0,0,0,0,0,0,0,0,0,0,0,0,0,0,0,0,0,0,0,0,0,0,0,0,0,0,0,0,0,0,0,0,0,0
Pour le bien de la cause,SOLJENITSYNE,1918,2008,>2000,1963,[1953-1991[,période soviétique post-stalinienne,>1917,0,0,0,0,0,0,0,0,0,0,0,0,0,0,0,0,0,0,0,0,0,0,0,0,0,0,0,0,1,0,0,0,0,0,0,0,0,0,0,0,0,0,0,0,0,0,0,0,0,0,0,0,0,0,0,0,1,0,0,0,0,0,0,0,0
Le Premier cercle,SOLJENITSYNE,1918,2008,>2000,1960,[1953-1991[,période soviétique post-stalinienne,>1917,0,0,0,0,0,0,0,0,0,0,0,0,0,0,0,0,0,0,0,0,0,1,0,0,0,0,0,0,1,1,0,0,0,0,0,0,0,0,0,0,0,0,0,0,0,0,0,0,0,0,0,0,0,0,0,0,0,1,0,0,0,0,0,0,0
Le Prix des jours,TENDRIAKOV,1923,1983,[1950-2000[,1960,[1953-1991[,période soviétique post-stalinienne,>1917,1,0,0,0,0,0,1,0,0,0,0,0,0,1,0,0,0,0,0,0,0,0,0,0,1,0,0,0,0,0,0,0,0,0,0,0,0,0,0,0,0,0,0,0,0,0,0,0,0,0,0,0,0,0,0,0,0,0,0,0,0,0,0,0,0
Propriétaires d'autrefois,GOGOL,1811,1852,[1850-1900[,1835,[1800-1850[,première moitié du XIXe siècle,<=1917,1,0,0,0,0,0,1,0,0,0,0,0,0,0,0,0,0,0,0,0,0,0,0,0,0,0,0,0,0,0,0,0,0,0,0,0,0,0,0,0,0,0,0,0,0,0,0,0,0,0,0,0,0,0,0,0,0,0,0,0,0,0,0,0,0
Viï,GOGOL,1811,1852,[1850-1900[,1835,[1800-1850[,première moitié du XIXe siècle,<=1917,0,0,0,0,0,0,0,0,0,0,0,0,0,0,0,1,0,0,0,0,0,0,0,0,0,0,0,0,0,0,0,0,0,0,0,0,0,0,0,0,0,0,0,0,0,0,0,0,0,0,0,0,0,0,0,0,0,0,0,0,1,0,0,0,0
La Brouille des deux Ivan,GOGOL,1811,1852,[1850-1900[,1835,[1800-1850[,première moitié du XIXe siècle,<=1917,0,0,0,0,0,0,0,0,0,0,0,0,0,0,0,0,0,1,0,0,0,0,0,0,0,0,0,0,0,0,0,0,0,0,0,0,0,0,0,0,0,0,0,0,0,0,0,0,0,0,0,0,0,0,0,0,0,0,0,0,0,0,0,0,0
Prose critique,BLOK,1880,1921,[1900-1950[,1914,[1905-1917[,crise pré-révolutionnaire,<=1917,0,0,0,0,1,0,0,0,0,0,0,0,0,0,0,0,0,0,0,0,0,0,0,0,0,1,0,0,0,0,0,0,0,0,0,0,0,0,0,0,1,0,0,0,0,1,0,0,0,0,0,0,0,0,1,0,0,0,0,0,0,0,0,0,0
La Provinciale,TOURGUENIEV,1818,1883,[1850-1900[,1850,[1850-1905[,"grand XIXe siècle, réalisme, monde impérial tardif",<=1917,0,0,0,0,0,0,0,0,0,0,0,0,0,0,1,0,1,0,0,0,0,0,0,0,0,0,0,0,0,0,0,0,0,0,0,0,0,0,0,0,0,0,0,0,0,0,1,0,0,0,0,0,0,0,0,0,0,0,0,0,0,0,0,0,0
La Punaise,MAÏAKOVSKI,1893,1930,[1900-1950[,1929,[1917-1953[,"révolution, guerre civile, stalinisme",>1917,0,0,0,0,0,0,0,0,0,0,0,0,0,0,0,0,0,0,0,0,0,0,0,0,0,0,0,0,0,0,0,0,0,1,0,0,0,0,0,0,0,0,0,0,0,0,0,0,0,0,0,0,0,0,0,0,0,1,0,0,0,0,0,0,0
La Quadrature du cercle,KATAÏEV,1897,1986,[1950-2000[,1928,[1917-1953[,"révolution, guerre civile, stalinisme",>1917,0,0,0,0,0,0,0,0,0,0,0,0,0,0,0,0,0,0,0,0,0,0,0,0,0,0,0,0,0,0,0,0,1,0,0,0,0,0,0,0,0,0,0,0,0,0,0,0,0,0,0,0,0,0,0,0,0,0,0,0,0,0,0,0,0
Le Quarante et unième,LAVRENIOV,1894,1959,[1950-2000[,1924,[1917-1953[,"révolution, guerre civile, stalinisme",>1917,1,0,0,0,0,0,0,0,0,0,0,0,0,0,0,0,1,0,1,0,0,0,0,0,0,0,0,0,0,0,0,0,0,0,0,0,0,0,0,0,0,0,0,0,0,0,0,0,0,0,0,0,0,0,0,0,0,0,0,0,0,0,0,0,0
Que faire?,TCHERNYCHEVSKI,1828,1889,[1850-1900[,1862,[1850-1905[,"grand XIXe siècle, réalisme, monde impérial tardif",<=1917,1,0,0,0,0,1,0,0,0,0,0,0,0,0,0,0,1,0,0,0,0,0,0,0,0,1,0,0,0,0,0,0,0,0,0,0,0,0,0,0,0,0,0,0,0,0,0,0,0,0,0,0,0,1,0,0,1,0,0,0,0,0,0,0,0
Le Ravin,GONTCHAROV,1821,1891,[1850-1900[,1869,[1850-1905[,"grand XIXe siècle, réalisme, monde impérial tardif",<=1917,1,0,0,0,0,0,0,0,0,0,0,0,0,0,0,0,1,0,0,0,0,0,0,0,0,0,0,0,0,0,0,0,0,0,0,0,0,0,1,0,0,0,0,0,0,0,0,0,0,0,0,0,0,0,0,0,0,0,0,0,1,0,0,0,0
Les Récits de Sébastopol,L.TOLSTOÏ,1828,1910,[1900-1950[,1855,[1850-1905[,"grand XIXe siècle, réalisme, monde impérial tardif",<=1917,0,0,0,0,0,0,0,0,0,0,0,0,0,0,0,0,0,0,1,0,0,1,0,0,0,0,0,0,0,0,0,0,0,0,0,1,0,0,0,0,0,0,0,1,0,0,0,0,0,0,0,0,0,0,0,0,0,0,0,0,0,0,0,0,0
Résurrection,L.TOLSTOÏ,1828,1910,[1900-1950[,1899,[1850-1905[,"grand XIXe siècle, réalisme, monde impérial tardif",<=1917,1,0,0,0,0,1,0,0,0,0,0,0,1,0,0,0,1,0,0,0,0,0,0,0,0,0,0,0,1,0,0,0,0,0,0,0,0,0,0,1,0,0,0,0,0,0,0,1,1,0,0,0,1,0,0,0,0,0,0,0,0,0,0,0,0
Le Révizor,GOGOL,1811,1852,[1850-1900[,1836,[1800-1850[,première moitié du XIXe siècle,<=1917,0,0,0,0,0,0,0,0,0,0,0,1,0,0,0,0,0,1,0,0,0,0,0,1,0,0,0,0,0,0,0,0,0,0,0,0,0,0,0,0,0,0,0,0,0,0,0,0,0,0,0,0,0,0,0,0,0,0,0,0,0,0,0,0,0
Roudine,TOURGUENIEV,1818,1883,[1850-1900[,1855,[1850-1905[,"grand XIXe siècle, réalisme, monde impérial tardif",<=1917,1,0,0,0,0,0,0,0,0,0,0,0,0,0,0,0,0,0,0,0,0,0,0,0,0,1,0,0,0,0,0,0,0,0,0,0,0,0,0,1,0,0,0,0,0,0,0,0,0,0,0,0,0,0,0,0,0,0,0,0,0,0,0,0,0
Sachka,MAKSIMOV,1930,1995,[1950-2000[,1965,[1953-1991[,période soviétique post-stalinienne,>1917,0,1,0,0,0,0,0,0,0,0,0,0,0,0,0,0,0,0,0,0,0,0,0,0,0,0,0,0,0,0,0,0,0,0,0,0,0,0,0,0,0,0,0,0,0,0,0,0,0,0,0,0,0,0,0,0,0,0,1,0,0,0,0,0,0
La Salle 6,TCHEKHOV,1860,1904,[1900-1950[,1862,[1850-1905[,"grand XIXe siècle, réalisme, monde impérial tardif",<=1917,0,0,0,0,0,0,0,0,0,0,0,1,0,0,0,0,0,0,0,0,0,0,0,0,0,0,0,0,0,0,0,0,0,0,0,0,0,0,0,0,0,0,0,0,0,0,0,0,0,0,0,0,0,0,0,0,0,0,0,0,0,0,0,0,0
Les Sept pendus,ANDREÏEV,1871,1919,[1900-1950[,1908,[1905-1917[,crise pré-révolutionnaire,<=1917,0,0,0,0,0,0,0,0,0,0,0,0,0,0,0,0,0,0,0,0,0,0,0,0,0,0,0,0,1,0,0,0,0,0,0,1,0,0,0,0,0,0,0,0,0,0,0,0,0,0,0,0,0,0,0,0,0,0,0,0,0,0,0,0,0
Sérioja,PANOVA,1905,1973,[1950-2000[,1955,[1953-1991[,période soviétique post-stalinienne,>1917,0,1,0,0,0,0,0,0,0,0,0,0,0,0,0,0,0,0,0,0,0,0,0,0,0,0,0,0,0,0,0,0,0,0,0,0,0,0,0,0,0,0,0,0,0,0,0,0,0,0,0,0,0,0,0,0,0,0,0,0,0,0,0,0,0
Le Silence,BONDARIEV,1924,2020,>2000,1962,[1953-1991[,période soviétique post-stalinienne,>1917,0,0,0,0,1,0,0,0,0,0,0,0,0,0,0,0,0,0,1,0,0,0,0,0,0,0,0,0,0,0,0,0,0,0,0,0,0,0,0,0,0,0,0,0,0,0,0,0,0,0,0,0,0,0,0,0,0,1,0,0,0,0,0,0,0
La Foire de Sorotchinsky,GOGOL,1811,1852,[1850-1900[,1832,[1800-1850[,première moitié du XIXe siècle,<=1917,0,0,0,0,0,0,0,0,0,0,0,0,0,0,0,0,0,0,0,0,0,0,0,0,0,0,0,0,0,0,0,0,0,0,0,0,0,0,0,0,0,0,0,0,0,0,0,0,0,0,0,0,0,0,0,0,0,0,0,0,1,0,0,0,0
La Nuit de Mai ou la Noyée,GOGOL,1811,1852,[1850-1900[,1832,[1800-1850[,première moitié du XIXe siècle,<=1917,0,0,0,0,0,0,0,0,0,0,0,0,0,0,0,0,0,0,0,0,0,0,0,0,0,0,0,0,0,0,0,0,0,0,0,0,0,1,0,0,0,0,0,0,0,0,0,0,0,0,0,0,0,0,0,0,0,0,0,0,1,0,0,0,0
La Nuit de Noël,GOGOL,1811,1852,[1850-1900[,1832,[1800-1850[,première moitié du XIXe siècle,<=1917,0,0,0,0,0,0,0,0,0,0,0,0,0,0,0,1,0,0,0,0,0,0,0,0,0,0,0,0,0,0,0,0,0,0,0,0,0,0,0,0,0,0,0,0,0,0,0,0,0,0,0,0,0,0,0,0,0,0,0,0,0,0,0,0,0
Une Terrible Vengeance,GOGOL,1811,1852,[1850-1900[,1832,[1800-1850[,première moitié du XIXe siècle,<=1917,0,0,0,0,0,0,0,0,0,0,1,0,0,0,0,1,0,0,0,0,0,0,0,0,0,0,0,0,0,0,0,0,0,0,0,0,1,0,0,0,0,0,0,0,0,0,0,0,0,0,0,0,0,0,0,0,0,0,0,0,0,0,0,0,0
La Sonate à Kreutzer,L.TOLSTOÏ,1828,1910,[1900-1950[,1889,[1850-1905[,"grand XIXe siècle, réalisme, monde impérial tardif",<=1917,1,0,0,0,0,0,0,0,0,0,0,0,0,0,0,0,0,0,0,0,0,0,0,0,0,0,1,0,0,0,0,0,1,0,0,0,0,0,0,0,0,0,0,0,0,0,0,0,0,0,0,0,0,0,0,0,0,0,0,0,0,0,0,0,0
Le Songe de Makar,KOROLENKO,1853,1921,[1900-1950[,1883,[1850-1905[,"grand XIXe siècle, réalisme, monde impérial tardif",<=1917,0,0,0,0,0,0,0,0,0,0,0,0,0,0,0,0,0,0,0,0,0,0,0,0,0,0,0,0,1,0,0,0,0,0,0,0,0,1,0,0,0,0,0,0,0,0,0,0,0,0,0,0,0,0,0,0,0,0,0,0,0,0,0,0,0
Le Sous-sol,DOSTOÏEVSKI,1821,1881,[1850-1900[,1864,[1850-1905[,"grand XIXe siècle, réalisme, monde impérial tardif",<=1917,0,0,0,0,0,0,0,0,0,0,0,0,0,0,0,0,0,0,0,0,0,0,1,0,1,0,0,0,0,1,1,0,0,0,0,0,0,0,0,0,0,0,0,0,0,0,0,0,0,0,0,0,0,0,0,0,1,0,0,0,0,0,0,0,0
Souvenirs de la maison des morts,DOSTOÏEVSKI,1821,1881,[1850-1900[,1861,[1850-1905[,"grand XIXe siècle, réalisme, monde impérial tardif",<=1917,0,0,0,0,0,0,0,1,0,0,0,0,0,0,0,0,0,0,0,0,0,0,0,0,0,0,0,0,0,1,0,0,0,0,0,0,0,0,0,0,0,0,0,0,0,1,0,0,0,0,0,0,0,0,0,0,0,0,0,0,0,0,0,0,0
La Steppe,TCHEKHOV,1860,1904,[1900-1950[,1888,[1850-1905[,"grand XIXe siècle, réalisme, monde impérial tardif",<=1917,0,1,0,0,0,0,0,0,0,0,0,0,0,0,0,0,0,0,0,0,0,0,0,0,0,0,0,0,0,0,0,0,0,0,0,0,0,1,0,0,0,0,0,0,0,0,0,0,0,0,0,0,0,0,0,0,0,0,0,0,0,0,0,0,0
Tarass Boulba,GOGOL,1811,1852,[1850-1900[,1842,[1800-1850[,première moitié du XIXe siècle,<=1917,1,0,0,0,0,0,0,0,0,0,1,0,0,0,0,0,0,0,0,0,1,0,0,0,0,0,0,0,0,1,0,0,0,0,0,0,1,0,0,0,0,0,0,0,0,0,0,0,0,0,0,0,0,0,0,0,0,0,0,0,0,0,0,0,0
Tchelkach,GORKI,1818,1936,[1900-1950[,1895,[1850-1905[,"grand XIXe siècle, réalisme, monde impérial tardif",<=1917,0,0,1,0,0,0,0,0,0,0,0,0,0,0,0,0,0,0,0,0,0,0,0,0,0,0,0,0,0,1,0,0,0,0,0,0,0,0,0,0,0,0,0,0,0,0,0,0,0,0,0,0,0,0,0,0,0,0,0,0,0,0,1,0,0
Terres défrichées,CHOLOKHOV,1905,1984,[1950-2000[,1932,[1917-1953[,"révolution, guerre civile, stalinisme",>1917,0,0,0,0,0,0,0,0,0,1,1,0,0,0,0,0,0,0,0,0,0,0,0,0,0,0,0,0,0,0,0,0,0,0,0,0,0,0,0,0,0,0,0,0,1,0,0,0,0,0,0,0,0,0,0,0,0,0,0,0,0,0,0,0,0
Terres vierges,TOURGUENIEV,1818,1883,[1850-1900[,1877,[1850-1905[,"grand XIXe siècle, réalisme, monde impérial tardif",<=1917,0,0,0,0,0,0,0,0,0,0,0,0,0,0,0,0,1,0,0,0,0,0,0,0,0,1,0,0,0,0,0,0,0,0,0,0,0,0,0,0,0,0,0,0,1,0,0,0,0,0,0,0,0,1,0,0,0,0,0,0,0,0,0,0,0
Thomas Gordéiev,GORKI,1818,1936,[1900-1950[,1899,[1850-1905[,"grand XIXe siècle, réalisme, monde impérial tardif",<=1917,0,0,1,0,0,0,0,0,0,0,0,0,0,0,0,0,0,0,0,0,0,0,0,0,0,0,0,0,0,1,0,1,0,0,0,0,0,0,0,0,0,0,0,0,0,0,0,0,0,0,0,0,0,0,0,0,0,0,0,0,0,0,0,0,0
Tout passe,GROSSMAN,1905,1964,[1950-2000[,1960,[1953-1991[,période soviétique post-stalinienne,>1917,0,0,0,0,0,0,0,1,0,0,0,0,0,0,0,0,0,0,0,0,0,0,0,0,0,0,0,0,0,1,0,0,0,0,0,0,0,0,0,0,0,0,0,0,0,0,0,0,0,0,0,0,0,0,1,0,0,0,0,0,0,0,0,0,0
"Le Trois, le sept et l'as",TENDRIAKOV,1923,1983,[1950-2000[,1960,[1953-1991[,période soviétique post-stalinienne,>1917,0,0,0,0,0,0,0,0,0,0,0,0,0,0,0,0,0,0,0,0,0,0,0,0,0,0,0,1,0,0,0,0,0,0,0,0,0,0,0,0,0,0,0,0,0,0,0,0,0,0,0,0,0,0,0,0,0,0,0,0,0,0,0,0,1
Les Trois sœurs,TCHEKHOV,1860,1904,[1900-1950[,1900,[1850-1905[,"grand XIXe siècle, réalisme, monde impérial tardif",<=1917,0,0,0,0,0,0,0,0,0,0,0,0,0,0,1,0,1,0,0,0,0,0,0,0,0,1,0,0,0,0,0,0,0,0,0,0,0,0,0,0,0,0,0,0,0,0,1,0,0,0,1,0,0,0,0,0,0,0,0,0,0,0,0,0,0
Vassa Géleznova,GORKI,1818,1936,[1900-1950[,1935,[1917-1953[,"révolution, guerre civile, stalinisme",>1917,0,0,1,0,0,0,0,0,1,0,0,0,0,0,0,0,1,0,0,0,0,0,0,0,0,0,0,0,0,0,0,0,0,0,0,0,0,0,0,0,0,1,0,0,0,0,0,0,0,0,0,0,0,1,0,0,0,1,0,0,0,0,0,0,0
À la Veille,TOURGUENIEV,1818,1883,[1850-1900[,1859,[1850-1905[,"grand XIXe siècle, réalisme, monde impérial tardif",<=1917,1,0,0,0,0,1,0,0,0,0,0,0,0,0,0,0,1,0,0,0,0,0,0,0,0,0,0,0,0,0,0,0,0,0,0,1,0,0,0,0,0,0,0,0,0,0,0,0,0,0,0,0,0,0,0,0,0,0,0,0,0,0,0,0,0
Le Verglas,SINIAVSKI,1925,1997,[1950-2000[,1961,[1953-1991[,période soviétique post-stalinienne,>1917,1,0,0,0,0,0,0,0,0,0,0,0,0,0,0,1,0,0,0,0,0,0,0,0,0,0,0,0,0,0,0,0,0,0,0,0,0,0,0,0,0,0,0,0,0,0,0,0,0,0,0,0,0,0,0,0,0,0,0,0,0,0,0,0,0
Le Vertige,GUINZBOURG,1904,1977,[1950-2000[,1967,[1953-1991[,période soviétique post-stalinienne,>1917,0,0,0,0,0,0,0,1,0,0,0,0,0,0,0,0,1,0,0,0,0,0,0,0,0,0,0,0,0,0,0,0,0,0,0,0,0,0,0,0,0,0,0,0,0,0,0,0,0,0,0,0,0,0,0,0,0,1,0,1,0,0,0,0,0
La Vie d'Arséniev,BOUNINE,1870,1953,[1950-2000[,1927,[1917-1953[,"révolution, guerre civile, stalinisme",>1917,1,0,0,0,0,0,0,0,0,0,0,0,0,0,0,0,1,0,0,0,0,0,0,0,0,0,0,0,0,0,0,0,0,0,0,1,0,1,0,0,0,0,0,0,0,0,0,0,0,0,0,0,0,0,0,0,0,0,0,0,0,0,0,0,0
La Vie de l'Archiprêtre Avvakum,AVVAKUM,1620,1682,<1800,1674,<1800,période ancienne / pré-moderne,<=1917,0,0,0,0,0,0,0,0,0,0,0,0,1,0,0,0,0,0,0,0,0,0,0,0,0,0,0,0,0,0,0,0,0,0,0,0,0,0,0,0,0,0,0,0,0,0,0,1,0,0,0,0,0,0,0,0,0,0,0,1,1,0,0,0,0
La Vie de Klim Samguine,GORKI,1818,1936,[1900-1950[,1931,[1917-1953[,"révolution, guerre civile, stalinisme",>1917,0,0,0,0,0,0,0,0,0,0,0,0,0,0,0,0,0,0,0,0,0,0,0,0,0,1,0,0,0,0,0,0,0,0,0,0,0,0,0,0,0,0,0,0,0,0,0,0,0,0,0,0,0,1,0,0,0,0,0,0,0,0,0,0,0
La Ville de Villegrad,PLATONOV,1899,1951,[1950-2000[,1926,[1917-1953[,"révolution, guerre civile, stalinisme",>1917,0,0,0,0,0,0,0,0,0,0,0,0,0,0,0,0,0,0,0,0,0,0,0,0,0,0,0,0,0,0,0,0,0,0,0,0,0,0,0,0,0,0,0,0,0,0,1,0,0,0,0,0,0,0,0,0,0,1,0,0,0,0,0,0,0
Les Vivants et les morts,SIMONOV,1915,1979,[1950-2000[,1957,[1953-1991[,période soviétique post-stalinienne,>1917,0,0,0,0,0,0,0,0,0,0,0,0,0,0,0,0,0,0,1,1,0,0,0,0,0,0,0,0,0,0,0,0,0,0,0,0,0,0,0,0,0,0,0,1,0,0,0,0,0,0,0,0,0,0,0,0,0,0,0,0,0,0,0,0,0
Le Voyage de Saint-Pétersbourg à Moscou,RADICHTCHEV,1749,1802,[1800-1850[,1789,<1800,période ancienne / pré-moderne,<=1917,0,0,0,0,0,0,0,0,0,0,0,0,0,0,0,0,0,1,0,0,0,0,0,0,0,0,0,0,0,0,0,0,0,0,0,0,0,0,0,1,0,0,0,0,0,0,0,0,0,0,0,0,0,0,0,1,0,0,0,0,0,0,0,0,0
Les Yeux tondus,REMIZOV,1877,1957,[1950-2000[,1957,[1953-1991[,période soviétique post-stalinienne,>1917,0,1,0,0,0,0,0,0,0,0,0,0,0,0,0,0,0,0,0,0,0,0,0,0,0,0,0,0,0,0,0,0,0,0,0,0,0,0,0,0,0,0,0,0,0,0,0,0,0,0,0,0,0,0,0,0,0,0,0,0,0,0,0,0,0
